{
  "Lights": {
    "Environment": {
      "Environment": "Environment_Maps/Ice_Lake/Ice_Lake_Ref.hdr",
      "Environment Faces": [
        "",
        "",
        "",
        "",
        "",
        ""
      ],
      "Equirectangular": true,
      "Irradiance": "Environment_Maps/Ice_Lake/output_iem.hdr",
      "Irradiance Faces": [
        "",
        "",
        "",
        "",
        "",
        ""
      ]
    },
    "Light Count": 1,
    "Lights": [
      {
        "Ambient": 0.0,
        "Attenuation": [
          1.0,
          0.0,
          0.0
        ],
        "Brightness": 19.100000381469727,
        "Casts Shadows": true,
        "Color": [
          1.0,
          1.0,
          1.0
        ],
        "Cone Angle": 0.2460000067949295,
        "Direction": [
          5.0,
          -3.000000238418579,
          0.0
        ],
        "Light Type": 2,
        "Max Variance": 9.999999974752427e-07,
        "Position": [
          -1.0,
          -4.0,
          16.0
        ],
        "Shadow Blur Iterations": 2,
        "Shadow Blur Radius": 0.5,
        "Shadow Far Plane": 100.0,
        "Shadow FoV": 1.5707963705062866,
        "Shadow Map Resolution": [
          1024,
          1024
        ],
        "Shadow Near Plane": 0.10000000149011612
      },
      {
        "Ambient": 0.00039999998989515007,
        "Attenuation": [
          1.0,
          0.2199999988079071,
          0.0
        ],
        "Brightness": 1.0,
        "Casts Shadows": false,
        "Color": [
          1.0,
          1.0,
          1.0
        ],
        "Cone Angle": 0.15000000596046448,
        "Direction": [
          0.0,
          0.0,
          0.0
        ],
        "Light Type": 3666940,
        "Max Variance": 9.999999974752427e-07,
        "Position": [
          4.982059001922607,
          0.42318645119667053,
          2.0
        ],
        "Shadow Blur Iterations": 2,
        "Shadow Blur Radius": 0.5,
        "Shadow Far Plane": 100.0,
        "Shadow FoV": 1.5707963705062866,
        "Shadow Map Resolution": [
          1024,
          1024
        ],
        "Shadow Near Plane": 0.10000000149011612
      },
      {
        "Ambient": 0.00039999998989515007,
        "Attenuation": [
          1.0,
          0.2199999988079071,
          0.0
        ],
        "Brightness": 1.0,
        "Casts Shadows": false,
        "Color": [
          1.0,
          1.0,
          1.0
        ],
        "Cone Angle": 0.15000000596046448,
        "Direction": [
          0.0,
          0.0,
          0.0
        ],
        "Light Type": 1342887656,
        "Max Variance": 9.999999974752427e-07,
        "Position": [
          2.4908173084259033,
          0.441787451505661,
          0.5
        ],
        "Shadow Blur Iterations": 2,
        "Shadow Blur Radius": 0.5,
        "Shadow Far Plane": 100.0,
        "Shadow FoV": 1.5707963705062866,
        "Shadow Map Resolution": [
          1024,
          1024
        ],
        "Shadow Near Plane": 0.10000000149011612
      },
      {
        "Ambient": 0.00039999998989515007,
        "Attenuation": [
          1.0,
          0.2199999988079071,
          0.0
        ],
        "Brightness": 1.0,
        "Casts Shadows": false,
        "Color": [
          1.0,
          1.0,
          1.0
        ],
        "Cone Angle": 0.15000000596046448,
        "Direction": [
          0.0,
          0.0,
          0.0
        ],
        "Light Type": 4272956,
        "Max Variance": 9.999999974752427e-07,
        "Position": [
          0.0,
          0.0,
          0.0
        ],
        "Shadow Blur Iterations": 2,
        "Shadow Blur Radius": 0.5,
        "Shadow Far Plane": 100.0,
        "Shadow FoV": 1.5707963705062866,
        "Shadow Map Resolution": [
          1024,
          1024
        ],
        "Shadow Near Plane": 0.10000000149011612
      },
      {
        "Ambient": 0.00039999998989515007,
        "Attenuation": [
          1.0,
          0.2199999988079071,
          0.0
        ],
        "Brightness": 1.0,
        "Casts Shadows": false,
        "Color": [
          1.0,
          1.0,
          1.0
        ],
        "Cone Angle": 0.15000000596046448,
        "Direction": [
          0.0,
          0.0,
          0.0
        ],
        "Light Type": 2007235604,
        "Max Variance": 9.999999974752427e-07,
        "Position": [
          0.0,
          0.0,
          0.0
        ],
        "Shadow Blur Iterations": 2,
        "Shadow Blur Radius": 0.5,
        "Shadow Far Plane": 100.0,
        "Shadow FoV": 1.5707963705062866,
        "Shadow Map Resolution": [
          1024,
          1024
        ],
        "Shadow Near Plane": 0.10000000149011612
      },
      {
        "Ambient": 0.00039999998989515007,
        "Attenuation": [
          1.0,
          0.2199999988079071,
          0.0
        ],
        "Brightness": 1.0,
        "Casts Shadows": false,
        "Color": [
          1.0,
          1.0,
          1.0
        ],
        "Cone Angle": 0.15000000596046448,
        "Direction": [
          0.0,
          0.0,
          0.0
        ],
        "Light Type": 1,
        "Max Variance": 9.999999974752427e-07,
        "Position": [
          0.0,
          0.0,
          0.0
        ],
        "Shadow Blur Iterations": 2,
        "Shadow Blur Radius": 0.5,
        "Shadow Far Plane": 100.0,
        "Shadow FoV": 1.5707963705062866,
        "Shadow Map Resolution": [
          1024,
          1024
        ],
        "Shadow Near Plane": 0.10000000149011612
      },
      {
        "Ambient": 0.00039999998989515007,
        "Attenuation": [
          1.0,
          0.2199999988079071,
          0.0
        ],
        "Brightness": 1.0,
        "Casts Shadows": false,
        "Color": [
          1.0,
          1.0,
          1.0
        ],
        "Cone Angle": 0.15000000596046448,
        "Direction": [
          0.0,
          0.0,
          0.0
        ],
        "Light Type": 3667348,
        "Max Variance": 9.999999974752427e-07,
        "Position": [
          0.0,
          0.0,
          0.0
        ],
        "Shadow Blur Iterations": 2,
        "Shadow Blur Radius": 0.5,
        "Shadow Far Plane": 100.0,
        "Shadow FoV": 1.5707963705062866,
        "Shadow Map Resolution": [
          1024,
          1024
        ],
        "Shadow Near Plane": 0.10000000149011612
      },
      {
        "Ambient": 0.00039999998989515007,
        "Attenuation": [
          1.0,
          0.2199999988079071,
          0.0
        ],
        "Brightness": 1.0,
        "Casts Shadows": false,
        "Color": [
          1.0,
          1.0,
          1.0
        ],
        "Cone Angle": 0.15000000596046448,
        "Direction": [
          0.0,
          0.0,
          0.0
        ],
        "Light Type": 0,
        "Max Variance": 9.999999974752427e-07,
        "Position": [
          0.0,
          0.0,
          0.0
        ],
        "Shadow Blur Iterations": 2,
        "Shadow Blur Radius": 0.5,
        "Shadow Far Plane": 100.0,
        "Shadow FoV": 1.5707963705062866,
        "Shadow Map Resolution": [
          1024,
          1024
        ],
        "Shadow Near Plane": 0.10000000149011612
      },
      {
        "Ambient": 0.00039999998989515007,
        "Attenuation": [
          1.0,
          0.2199999988079071,
          0.0
        ],
        "Brightness": 1.0,
        "Casts Shadows": false,
        "Color": [
          1.0,
          1.0,
          1.0
        ],
        "Cone Angle": 0.15000000596046448,
        "Direction": [
          0.0,
          0.0,
          0.0
        ],
        "Light Type": 131072,
        "Max Variance": 9.999999974752427e-07,
        "Position": [
          0.0,
          0.0,
          0.0
        ],
        "Shadow Blur Iterations": 2,
        "Shadow Blur Radius": 0.5,
        "Shadow Far Plane": 100.0,
        "Shadow FoV": 1.5707963705062866,
        "Shadow Map Resolution": [
          1024,
          1024
        ],