{
  "Lights": {
    "Additional Ambient": [
      0.023262742906808853,
      0.02599901705980301,
      0.03924999758601189
    ],
    "Light Count": 3,
    "Lights": [
      {
        "Ambient": 0.004999999888241291,
        "Attenuation": [
          1.100000023841858,
          -0.9600000381469727,
          55.72999954223633
        ],
        "Brightness": 400000000.0,
        "Casts Shadows": true,
        "Color": [
          0.9603174328804016,
          0.9603174328804016,
          0.5944822430610657
        ],
        "Cone Angle": 0.15000000596046448,
        "Direction": [
          0.0,
          0.0,
          0.0
        ],
        "Light Type": 2,
        "Max Variance": 1.0000000116860974e-07,
        "Position": [
          -90.00000762939453,
          -180.0,
          155.8845672607422
        ],
        "Shadow Blur Iterations": 3,
        "Shadow Blur Radius": 2.5,
        "Shadow Far Plane": 280.0,
        "Shadow FoV": 0.04500000178813934,
        "Shadow Near Plane": 172.10000610351563
      },
      {
        "Ambient": 0.00039999998989515007,
        "Attenuation": [
          1.0,
          0.2199999988079071,
          0.20000000298023224
        ],
        "Brightness": 9.99999993922529e-09,
        "Casts Shadows": true,
        "Color": [
          1.0,
          0.9999899864196777,
          0.9999899864196777
        ],
        "Cone Angle": 0.01600000075995922,
        "Direction": [
          0.0,
          0.0,
          0.0
        ],
        "Light Type": 2,
        "Max Variance": 9.999999974752427e-07,
        "Position": [
          -3.718855142593384,
          3.342172384262085,
          2.0
        ],
        "Shadow Blur Iterations": 1,
        "Shadow Blur Radius": 1.0,
        "Shadow Far Plane": 100.0,
        "Shadow FoV": 1.5707963705062866,
        "Shadow Near Plane": 0.10000000149011612
      },
      {
        "Ambient": 0.00039999998989515007,
        "Attenuation": [
          1.9800001382827759,
          1.9300000667572021,
          15.610000610351563
        ],
        "Brightness": 1175.0,
        "Casts Shadows": false,
        "Color": [
          0.8217698335647583,
          0.11388257890939713,
          0.89682537317276
        ],
        "Cone Angle": 0.15000000596046448,
        "Direction": [
          0.0,
          0.0,
          0.0
        ],
        "Light Type": 1,
        "Max Variance": 9.999999974752427e-07,
        "Position": [
          -1.3542683124542236,
          -2.6185426712036133,
          0.5
        ],
        "Shadow Blur Iterations": 2,
        "Shadow Blur Radius": 0.5,
        "Shadow Far Plane": 100.0,
        "Shadow FoV": 1.5707963705062866,
        "Shadow Near Plane": 0.10000000149011612
      },
      {
        "Ambient": 0.00039999998989515007,
        "Attenuation": [
          1.0,
          0.2199999988079071,
          0.2800000011920929
        ],
        "Brightness": 425.0000305175781,
        "Casts Shadows": false,
        "Color": [
          0.3174602687358856,
          0.5170067548751831,
          0.6666666269302368
        ],
        "Cone Angle": 1.7999999523162842,
        "Direction": [
          0.0,
          0.0,
          0.0
        ],
        "Light Type": 2,
        "Max Variance": 9.999999974752427e-07,
        "Position": [
          -8.0,
          13.000000953674316,
          0.20000000298023224
        ],
        "Shadow Blur Iterations": 2,
        "Shadow Blur Radius": 0.5,
        "Shadow Far Plane": 100.0,
        "Shadow FoV": 1.5707963705062866,
        "Shadow Near Plane": 0.10000000149011612
      },
      {
        "Ambient": 0.00039999998989515007,
        "Attenuation": [
          1.0,
          0.2199999988079071,
          0.20000000298023224
        ],
        "Brightness": 1.0,
        "Casts Shadows": false,
        "Color": [
          1.0,
          1.0,
          1.0
        ],
        "Cone Angle": 0.15000000596046448,
        "Direction": [
          0.0,
          0.0,
          0.0
        ],
        "Light Type": 3435973836,
        "Max Variance": 9.999999974752427e-07,
        "Position": [
          0.0,
          0.0,
          0.0
        ],
        "Shadow Blur Iterations": 2,
        "Shadow Blur Radius": 0.5,
        "Shadow Far Plane": 100.0,
        "Shadow FoV": 1.5707963705062866,
        "Shadow Near Plane": 0.10000000149011612
      },
      {
        "Ambient": 0.00039999998989515007,
        "Attenuation": [
          1.0,
          0.2199999988079071,
          0.20000000298023224
        ],
        "Brightness": 1.0,
        "Casts Shadows": false,
        "Color": [
          1.0,
          1.0,
          1.0
        ],
        "Cone Angle": 0.15000000596046448,
        "Direction": [
          0.0,
          0.0,
          0.0
        ],
        "Light Type": 3435973836,
        "Max Variance": 9.999999974752427e-07,
        "Position": [
          0.0,
          0.0,
          0.0
        ],
        "Shadow Blur Iterations": 2,
        "Shadow Blur Radius": 0.5,
        "Shadow Far Plane": 100.0,
        "Shadow FoV": 1.5707963705062866,
        "Shadow Near Plane": 0.10000000149011612
      },
      {
        "Ambient": 0.00039999998989515007,
        "Attenuation": [
          1.0,
          0.2199999988079071,
          0.20000000298023224
        ],
        "Brightness": 1.0,
        "Casts Shadows": false,
        "Color": [
          1.0,
          1.0,
          1.0
        ],
        "Cone Angle": 0.15000000596046448,
        "Direction": [
          0.0,
          0.0,
          0.0
        ],
        "Light Type": 3435973836,
        "Max Variance": 9.999999974752427e-07,
        "Position": [
          0.0,
          0.0,
          0.0
        ],
        "Shadow Blur Iterations": 2,
        "Shadow Blur Radius": 0.5,
        "Shadow Far Plane": 100.0,
        "Shadow FoV": 1.5707963705062866,
        "Shadow Near Plane": 0.10000000149011612
      },
      {
        "Ambient": 0.00039999998989515007,
        "Attenuation": [
          1.0,
          0.2199999988079071,
          0.20000000298023224
        ],
        "Brightness": 1.0,
        "Casts Shadows": false,
        "Color": [
          1.0,
          1.0,
          1.0
        ],
        "Cone Angle": 0.15000000596046448,
        "Direction": [
          0.0,
          0.0,
          0.0
        ],
        "Light Type": 3435973836,
        "Max Variance": 9.999999974752427e-07,
        "Position": [
          0.0,
          0.0,
          0.0
        ],
        "Shadow Blur Iterations": 2,
        "Shadow Blur Radius": 0.5,
        "Shadow Far Plane": 100.0,
        "Shadow FoV": 1.5707963705062866,
        "Shadow Near Plane": 0.10000000149011612
      },
      {
        "Ambient": 0.00039999998989515007,
        "Attenuation": [
          1.0,
          0.2199999988079071,
          0.20000000298023224
        ],
        "Brightness": 1.0,
        "Casts Shadows": false,
        "Color": [
          1.0,
          1.0,
          1.0
        ],
        "Cone Angle": 0.15000000596046448,
        "Direction": [
          0.0,
          0.0,
          0.0
        ],
        "Light Type": 3435973836,
        "Max Variance": 9.999999974752427e-07,
        "Position": [
          0.0,
          0.0,
          0.0
        ],
        "Shadow Blur Iterations": 2,
        "Shadow Blur Radius": 0.5,
        "Shadow Far Plane": 100.0,
        "Shadow FoV": 1.5707963705062866,
        "Shadow Near Plane": 0.10000000149011612
      },
      {
        "Ambient": 0.00039999998989515007,
        "Attenuation": [
          1.0,
          0.2199999988079071,
          0.20000000298023224
        ],
        "Brightness": 1.0,
        "Casts Shadows": false,
        "Color": [
          1.0,
          1.0,
          1.0
        ],
        "Cone Angle": 0.15000000596046448,
        "Direction": [
          0.0,
          0.0,
          0.0
        ],
        "Light Type": 3435973836,